Strike_Price,Spot_Price,Time,BS_Call,MC_Call,FD_Call,close,pred,C(T+1)
8904.6,9000.0,0.07671232877,203.4840232,213.8886402,183.1682778,355.75,341.9217515658962,418.55
15717.65,16000.0,0.002739726027,38.37076599,38.06884377,38.44875716,3.3,-3.0639140717020155,0.05
12141.45,11800.0,0.03835616438,541.1943106,546.4022336,533.3165719,493.9,467.56709286229227,431.35
13239.45,13100.0,0.03835616438,395.6291221,403.7978315,387.3509744,278.2,248.26931182501556,319.05
17390.2,17800.0,0.04383561644,69.56650692,71.7366948,58.68300551,134.7,160.622476778879,188.4
14997.5,15200.0,0.06301369863,429.8497333,432.2423806,421.2766366,402.95,354.7796543190855,346.75
17975.95,17900.0,0.07671232877,959.7274316,953.3724264,979.2036714,525.2,536.9875794024708,499.9
11843.45,11700.0,0.04383561644,414.1096699,405.1678467,407.4127622,420.25,384.9776829688174,362.35
15030.0,14900.0,0.02739726027,217.6780155,221.6215472,199.4311928,376.2,414.36692412387254,628.2
11208.65,11400.0,0.02465753425,147.5879737,148.9773201,145.4986032,178.4,144.4363975120462,227.8
12709.95,12800.0,0.07671232877,450.3195693,455.9273491,443.786621,280.95,276.58217114055924,106.85
10175.9,10300.0,0.005479452055,25.01109226,25.96578765,24.27184116,111.4,57.94042923083816,27.9
10651.95,10900.0,0.06575342466,245.6366373,246.8927986,235.8527804,134.1,181.87826584892264,253.85
15669.0,15100.0,0.008219178082,587.0245061,586.2858516,582.3200263,566.85,531.2800233048526,542.1
13239.45,13500.0,0.03835616438,184.1853455,189.7305586,178.0156904,115.95,95.30786175947867,127.85
8904.6,9100.0,0.07671232877,189.4485786,196.3359107,174.0390776,307.3,301.21740404922645,369.25
16667.0,17100.0,0.005479452055,7.474806241,7.847974655,7.167599587,7.2,5.492065441954196,2.85
10583.05,10600.0,0.04383561644,217.3661888,218.3611771,206.011632,298.4,300.429038955147,257.55
11814.85,11700.0,0.04109589041,385.0388642,393.3473004,380.4841037,332.65,307.4977199236953,268.35
15427.35,15800.0,0.02465753425,270.6151396,268.3818133,273.8749438,54.7,45.33047220844719,51.7
18782.85,19300.0,0.05479452055,448.2989016,459.1381912,447.3824197,119.05,134.64734149770248,108.25
10368.4,10000.0,0.02739726027,405.9051674,408.4137116,387.3138249,550.0,526.255146147455,498.35
9703.1,9600.0,0.06301369863,236.219965,241.2092125,206.1616283,412.15,438.334984490742,428.2
13181.5,13100.0,0.02739726027,310.2923498,314.2860378,305.4311462,221.5,187.0609101917883,151.1
15084.0,14400.0,0.005479452055,689.7912419,692.1539296,684.1256174,715.0,660.2656228618717,749.9
12087.05,12400.0,0.04657534247,139.0041389,142.9296061,131.9656021,151.75,142.07769491666062,83.9
11241.65,11200.0,0.005479452055,129.8963533,128.3098784,128.944974,137.05,95.7336345603859,104.5
14997.5,14800.0,0.06301369863,324.413695,335.4497164,278.6533848,657.05,627.566757875228,515.9
11820.5,11500.0,0.04383561644,555.0012026,555.0752403,553.4306166,450.0,453.8024474935947,449.8
15111.2,15500.0,0.02465753425,343.0778982,340.2116821,353.9043711,151.9,113.02861285059026,74.8
15741.2,15500.0,0.05753424658,944.9576156,938.4473171,981.4842521,439.7,398.3677324148319,261.5
11790.25,11600.0,0.02739726027,395.4551091,406.28576,394.0938369,328.75,305.8126038882084,71.4
15838.6,15700.0,0.02191780822,495.0574196,496.7283155,500.3960849,288.35,275.1482098224633,525.3
11970.25,11900.0,0.05753424658,451.0126166,463.6845002,443.2852601,253.75,300.2890768108723,410.25
11523.4,11200.0,0.06301369863,576.7734926,578.6541235,566.4725222,457.75,502.14300399185714,332.4
11306.5,11100.0,0.03835616438,404.886536,410.3692285,398.8417295,316.05,327.1788901177999,377.55
12020.75,11700.0,0.03835616438,508.8810368,511.0827844,500.054246,441.2,423.77404811846463,290.8
11498.9,11300.0,0.06301369863,508.7597388,509.0256942,497.7660366,520.4,521.2737177218439,368.8
11344.1,11400.0,0.0602739726,346.3076615,366.2986523,339.2679498,209.85,249.7914923935689,139.7
12043.15,12300.0,0.04383561644,178.4989268,183.9854615,169.2274278,206.65,185.01188653125166,180.35
15333.4,15600.0,0.0602739726,676.8223068,693.1036958,704.3401126,246.85,235.28443394542006,238.9
12752.3,12600.0,0.05479452055,466.3604616,465.6818133,456.66248,340.7,319.8999767916815,356.5
14489.75,13900.0,0.04657534247,660.3398975,663.0047494,623.9428654,529.3,518.3985378773585,529.3
12568.85,12300.0,0.04657534247,466.3657607,476.270947,453.2560838,403.55,377.5846502988411,389.15
10158.55,9700.0,0.03835616438,493.8464567,496.8432999,463.7668662,651.95,627.9913420858868,651.3
13181.5,12700.0,0.02739726027,625.5627493,633.8890769,624.349816,516.8,494.61908084689804,400.2
15427.8,14800.0,0.04383561644,677.0085375,687.2860119,633.0671808,734.0,738.6844935795539,732.0
15055.55,14400.0,0.01917808219,675.855249,676.4448801,656.0926032,732.5,704.6249497746844,922.8
17702.55,17400.0,0.02465753425,428.5550084,433.1044435,412.9190673,400.2,442.96379144143475,315.55
10899.3,10400.0,0.07945205479,631.1661188,644.8960643,594.7438404,642.65,665.7477697798754,716.25
15222.15,14900.0,0.02739726027,371.35187,378.5074991,347.4698108,516.25,554.8004875876641,445.05
18405.0,18300.0,0.03561643836,669.8096814,670.622894,678.3425284,378.5,332.55630541581263,313.0
11306.5,11300.0,0.03835616438,304.7783256,307.5080047,299.9264867,194.7,202.95115116198917,227.55
15175.9,15200.0,0.008219178082,172.3544892,171.1377695,171.371295,186.05,140.93458311000984,84.5
12643.05,13000.0,0.0602739726,410.9650522,420.1925919,420.7259021,124.25,157.95572408195636,100.8
11126.25,10600.0,0.05753424658,627.8176346,631.5418332,604.7601584,600.0,620.8624394181548,600.0
11686.75,11400.0,0.03835616438,469.5960743,475.1723184,463.0177183,465.5,436.4859582385048,599.0
15173.35,15200.0,0.07945205479,588.4734036,607.9504662,574.6773982,456.65,396.3422957106437,365.15
11526.25,11600.0,0.02739726027,247.8301162,250.9454677,247.3452652,139.45,130.49913731130732,322.25
17390.2,17300.0,0.04383561644,466.7135195,477.6695016,452.6048177,370.9,422.76666040069006,486.75
18037.05,18200.0,0.005479452055,211.3197819,213.7341954,214.1577219,54.9,9.770202090706903,16.0
18405.0,18600.0,0.03561643836,487.1919323,484.3030642,490.890398,207.9,174.42984043481476,168.05
16444.7,16500.0,0.02191780822,262.3896882,266.0779484,257.4599978,127.5,120.72729527564144,123.1
12643.05,12200.0,0.0602739726,659.6345055,671.4966995,646.5962878,549.95,537.143951495374,493.25
11226.15,10900.0,0.02465753425,425.8908726,424.9960016,419.9942244,608.05,560.7050040485815,245.3
9268.9,9200.0,0.01917808219,179.4935281,184.7832289,173.4760518,281.7,285.131853983013,341.95
17645.05,17100.0,0.01917808219,607.5363239,609.9933541,593.7754895,603.45,601.4147669967881,992.15
12949.4,13000.0,0.03835616438,437.7217841,452.4385737,442.8911434,226.7,218.9747582613321,155.25
18525.3,18800.0,0.06301369863,619.5008129,623.0553866,620.7169147,317.75,306.32253801008335,273.3
12141.45,11700.0,0.03835616438,596.7719972,612.8338021,585.9349388,570.5,543.8640822030832,496.85
10909.35,10900.0,0.005479452055,104.3642015,103.9412779,103.4895473,124.75,80.32764141440532,84.45
15392.25,15400.0,0.08219178082,903.4719426,913.9662105,934.52537,343.7,319.433664936367,288.0
15321.35,15500.0,0.08219178082,879.5753736,888.553611,923.6527401,442.05,395.11963114704224,515.05
18782.85,17900.0,0.05479452055,1322.818716,1365.845041,1342.182948,960.8,899.8288091433297,1035.75
11473.15,11100.0,0.07671232877,643.9668939,653.012789,623.8265616,594.35,618.5583115092534,767.4
18281.95,18700.0,0.08219178082,806.9817461,817.7916021,828.4579511,257.3,293.7834750352133,178.75
15367.6,15200.0,0.06575342466,639.2455489,641.4362917,628.4136498,630.0,586.4819274339901,402.95
9268.9,9300.0,0.01917808219,105.7807612,108.3187212,100.686292,226.55,221.86570856137018,268.45
11792.05,11300.0,0.06301369863,709.6759482,730.7977515,695.624209,562.95,588.8214079931503,645.9
11372.95,11600.0,0.02739726027,180.8947946,178.9273964,180.3489402,183.25,146.52470010302795,110.0
8664.2,8500.0,0.06301369863,215.1205581,226.0602109,172.6701201,497.4,566.24379205648,619.95
11122.25,10700.0,0.04109589041,508.5336859,510.2010428,492.0095393,440.0,468.29854676660284,657.65
16206.7,16100.0,0.04657534247,568.0144764,575.4971859,563.6975986,351.0,360.26712923979744,322.3
10902.45,11200.0,0.01917808219,84.59272431,84.22460772,82.56881959,88.0,63.14193814246323,71.0
10909.35,11000.0,0.005479452055,65.70694721,64.98567996,65.27300095,80.2,41.10509690247227,43.45
9757.25,10000.0,0.0602739726,93.65238056,96.18730425,80.2191231,233.2,291.95668311368576,234.3
17262.4,16600.0,0.04657534247,918.9654095,926.8837321,908.6429401,818.15,872.1780335211075,911.55
10523.35,10100.0,0.04109589041,481.7579765,486.5060355,460.5265325,616.65,594.8629278954008,775.0
11970.25,11700.0,0.05753424658,547.5856094,559.1134776,536.0680263,392.65,425.53588249762186,575.2
16427.25,16200.0,0.02465753425,505.2966234,516.7295816,503.391594,320.25,326.53264723693655,322.25
17865.75,17900.0,0.01917808219,430.0512424,445.5176905,434.5768547,256.4,215.77338257916585,525.95
12450.0,11900.0,0.005479452055,559.425239,555.8873207,557.7071918,585.0,552.4918581896302,642.25
11254.85,11400.0,0.02191780822,153.6444763,157.5439143,151.093694,100.85,81.89935578990344,81.85
12108.1,11700.0,0.04657534247,603.3946898,613.4259505,591.8592165,577.05,555.558625488734,535.15
10209.55,9900.0,0.08219178082,417.9992382,427.7620449,377.7326134,672.4,638.3657906190209,465.15
11238.35,11500.0,0.01917808219,123.99516,126.3014137,123.2603481,52.85,41.211823281603756,31.7
12108.1,11600.0,0.04657534247,704.5053949,720.6275194,697.1664037,648.6,629.648820421361,626.0
10188.25,10200.0,0.04383561644,189.1902852,194.1685695,173.6682752,382.95,418.08785866740084,505.7
11375.4,11500.0,0.01917808219,176.2448097,178.6582538,175.6455633,103.35,84.15210889882337,70.95
12092.35,11900.0,0.01643835616,328.1956234,329.3745568,325.0306915,268.75,238.8742002080637,232.5
11735.5,11800.0,0.02739726027,244.3817996,242.3695301,241.6962672,181.45,151.61327086735872,68.2
15265.45,15400.0,0.04109589041,564.4502683,561.1370908,580.6684348,228.35,228.70301903027803,196.85
11375.4,11600.0,0.01917808219,137.2517854,134.6261791,136.4089009,71.95,53.041861329170274,45.1
11871.6,11500.0,0.02465753425,503.673371,509.6701658,502.1978148,411.85,408.96414149578675,502.85
15662.2,15700.0,0.01917808219,371.7044476,387.686649,375.4543225,141.55,128.61613797771247,204.5
15677.5,16000.0,0.04657534247,427.5426647,423.9388339,430.7122009,131.15,124.07177482354172,165.75
15463.0,15600.0,0.02191780822,414.6000458,423.3698593,425.0398805,114.05,116.23934138980133,119.7
12289.35,12200.0,0.0602739726,429.6386652,444.1955929,419.9123253,350.95,335.3486954759645,390.85
14821.7,14600.0,0.05753424658,317.7281878,325.6390517,272.2313241,505.7,517.6710893730858,278.45
9268.9,8900.0,0.01917808219,385.2188141,383.3569343,371.7649391,481.5,505.2052469310139,595.35
18645.85,18500.0,0.05753424658,922.7647708,932.1326898,943.7170887,445.3,428.2144084477161,512.25
14952.1,14900.0,0.02191780822,150.9598328,150.7156704,137.867468,307.7,325.2616387267791,332.75
11122.25,11400.0,0.04109589041,180.5155739,184.1682115,176.3995938,95.05,105.29749991615131,145.25
18326.6,17700.0,0.01643835616,648.6719706,653.356737,629.8944223,698.85,652.282643497837,824.2
15111.2,15300.0,0.02465753425,360.1761264,369.3605472,365.3728265,230.0,195.4853861654483,130.5
11614.25,11800.0,0.06301369863,334.5274506,334.4091956,328.7120857,203.35,217.88458926328605,119.25
18647.55,18900.0,0.08219178082,847.8353009,847.7728798,865.3011263,370.6,381.35094205218206,403.45
12880.65,12300.0,0.06575342466,754.7123395,769.1106206,729.8882673,1008.4,1056.4196151083172,1109.55
10758.45,11000.0,0.04657534247,207.3467062,209.9429659,202.9375984,207.9,203.0737050238343,137.05
12186.55,11700.0,0.02191780822,565.1614173,569.4968033,558.727944,580.8,541.6478124047283,391.75
11087.45,11100.0,0.01917808219,190.7269935,190.9684799,188.0511128,152.95,128.36747545729753,265.75
15084.0,14800.0,0.005479452055,290.2072532,291.5301166,284.6083406,330.0,277.40199874633237,371.25
18555.85,18200.0,0.0602739726,1180.150055,1185.768008,1226.666588,642.0,623.7946034543713,664.05
12398.4,12100.0,0.05753424658,529.8519825,544.7963344,515.7727582,469.6,455.4953913821766,335.3
15287.25,15200.0,0.06575342466,592.3151401,600.1181694,582.5114936,471.6,426.2679120914778,401.4
18037.05,18000.0,0.07945205479,548.0792398,568.5988193,513.7193622,499.6,501.298095550129,469.35
12938.2,12800.0,0.0602739726,517.8058969,517.6513081,509.2910399,774.15,779.8167710563152,874.95
13181.5,13300.0,0.02739726027,169.0200103,172.741535,162.7804646,136.95,112.3573273919501,82.95
12275.1,12400.0,0.06301369863,261.4300453,263.06558,247.0617709,248.9,220.64055670195836,248.3
12805.9,13000.0,0.07671232877,562.3455223,561.1448508,576.6775901,205.05,254.0177766283822,107.65
11187.85,11200.0,0.02465753425,226.3440581,228.2629176,222.6247619,211.65,182.13825119925212,107.4
11178.3,11400.0,0.008219178082,48.57470593,49.06347848,48.33223543,41.9,17.07577428106333,28.75
15056.7,15300.0,0.04383561644,487.6443578,483.5052818,497.5059992,140.05,145.3337519188292,84.9
11820.5,11600.0,0.04383561644,491.4439687,493.0511061,490.1183699,385.1,384.8331947367601,430.0
12396.4,12200.0,0.06575342466,511.818901,514.6852638,498.628925,349.5,364.87769745549303,526.15
15392.25,14800.0,0.08219178082,693.0933806,707.0410468,615.699252,760.0,710.8737158231061,695.8
18037.05,17500.0,0.005479452055,553.2058427,548.5386234,549.9352423,549.1,484.2890659936262,472.5
11498.9,11000.0,0.06301369863,698.8855455,714.5726659,685.5152764,745.7,735.6441196962327,553.85
16151.75,15800.0,0.04109589041,777.1966259,786.3922781,785.8407334,510.65,515.1930040719864,547.8
10211.7,10000.0,0.008219178082,225.7562197,228.5740238,220.2978652,343.7,307.0169926962199,285.35
12910.55,12900.0,0.08219178082,432.1668415,437.457592,406.6424393,663.1,649.739230001321,628.2
17975.95,17500.0,0.07671232877,857.9318535,859.3841152,824.8478765,786.25,798.554956926404,774.5
12643.05,12700.0,0.0602739726,446.6296974,444.3710993,445.8068548,239.7,240.89080154000067,203.6
18782.85,18900.0,0.05479452055,730.9231289,721.7007779,742.8005462,278.85,245.24787492641582,259.6
10447.85,10500.0,0.02191780822,149.7202951,154.8277278,144.4346423,295.45,273.13567101598454,774.95
10773.2,10600.0,0.008219178082,208.132675,209.7241394,204.5647845,281.6,239.72845252689712,642.55
11876.2,11400.0,0.0602739726,683.6482319,686.8568062,668.5457207,525.0,555.9585163556637,603.5
15838.6,16100.0,0.02191780822,223.5452753,227.0161622,222.5465206,96.8,83.03011470628337,204.15
12643.05,12800.0,0.0602739726,358.4665372,359.0130135,353.441383,195.9,179.86997879558368,166.5
12275.1,11900.0,0.06301369863,657.0644141,663.9448983,650.9111749,719.9,708.2573314413313,719.9
11126.25,11300.0,0.05753424658,286.8220699,290.7667451,280.4219305,178.75,201.69024618435606,155.1
15524.65,15000.0,0.02465753425,579.1147692,583.1152564,561.1096129,573.6,576.065948941695,542.85
11655.3,11600.0,0.03835616438,369.9379576,365.1396876,368.2285515,270.2,258.083673360121,294.9
16634.05,16300.0,0.002739726027,349.5730777,348.380792,348.5480114,336.4,260.41501282436377,427.15
15902.85,16300.0,0.005479452055,26.04738496,25.74895993,25.83658955,7.8,3.530931271767372,1.9
15463.0,15300.0,0.02191780822,516.2449274,522.8340392,522.9119092,283.3,276.46196916924987,309.15
18525.3,17700.0,0.06301369863,918.9113226,931.1620672,849.6189889,1135.3,1082.950835518241,1135.3
18510.05,18400.0,0.04383561644,685.5497306,687.7405784,688.539773,394.6,359.71122749852873,269.45
12568.85,12400.0,0.04657534247,374.9660744,379.5571993,360.5859213,335.05,304.27512255893123,326.7
18037.05,17900.0,0.005479452055,312.7941337,313.1904039,314.3884271,205.0,122.57104948756898,120.2
12141.45,11900.0,0.03835616438,476.0100839,474.6405683,469.3860104,413.05,385.35754131257005,362.15
15257.5,15600.0,0.06301369863,659.0854113,678.5161732,685.3971699,226.45,214.08655446777175,246.85
15282.15,15500.0,0.05753424658,696.9289259,721.5778523,727.3232647,280.35,265.1501923961903,395.4
14891.9,14600.0,0.04383561644,355.0353132,363.5044701,316.1755105,489.0,525.3876793265977,758.35
18037.05,17200.0,0.07945205479,1229.050714,1242.302664,1213.335157,663.55,714.0444045192135,1100.0
10142.95,9900.0,0.07671232877,366.7877815,371.9291151,322.1226136,530.0,514.6472929728036,429.0
18022.5,17700.0,0.07397260274,507.7851461,530.9779441,446.6927835,643.35,613.5624176924285,1050.0
16033.55,16300.0,0.05753424658,377.2388844,393.9565422,366.0845398,204.8,195.02588355025694,178.15
13077.9,12900.0,0.04109589041,394.4967613,394.7570026,383.1786286,336.25,299.4397041799186,403.75
10706.9,10800.0,0.01917808219,139.9951992,142.5285769,136.9151167,139.6,112.80313656290065,106.9
18326.6,18500.0,0.01643835616,356.9759197,355.5566851,361.6729689,122.7,64.1977493939504,149.0
11357.8,11400.0,0.0602739726,353.9219621,356.975494,345.9394781,271.15,281.72746187481533,291.6
12024.1,12200.0,0.04109589041,227.8170236,232.5778744,220.0151385,218.85,187.39118632961618,247.05
15344.0,15400.0,0.0602739726,742.5225931,754.9295736,765.9438062,299.9,285.52056686907787,507.4
8760.85,8600.0,0.07945205479,223.8039501,234.1449019,169.0941037,491.2,459.78586430291125,577.65
18645.85,17900.0,0.05753424658,1246.222808,1252.357256,1263.606342,922.0,906.9574224589403,960.8
15490.35,15500.0,0.07945205479,952.0566155,958.3107236,993.420188,515.05,477.72433583739235,487.5
11792.05,11700.0,0.06301369863,457.0864891,464.0080571,446.2457871,254.2,320.9274426320221,315.7
12583.6,12200.0,0.04383561644,561.7145135,562.228583,552.4493239,451.55,436.8743355980314,874.65
11122.25,11200.0,0.04109589041,263.6174162,268.2425088,259.5946064,169.25,177.63200997229194,244.4
10651.95,10700.0,0.06575342466,261.1485967,265.4991736,242.6934878,215.1,237.83705472914306,381.8
16634.05,16700.0,0.07945205479,503.3614355,529.2011701,478.0124976,350.15,345.80873717559473,393.45
15344.0,15600.0,0.0602739726,681.964409,665.078144,709.7643584,200.25,204.4195243136814,362.35
12396.4,12300.0,0.06575342466,418.9230871,414.8103899,404.0938288,297.95,294.1754236089446,459.7
16110.0,15400.0,0.0602739726,1206.880183,1226.033907,1237.61846,844.8,839.1911806202846,741.2
11971.05,11500.0,0.02739726027,591.0117332,595.2716629,590.2037912,531.95,514.2599366791114,397.1
12165.4,11800.0,0.04657534247,591.0349142,604.3295208,582.1379851,464.15,469.6983303736684,400.3
18022.5,17500.0,0.07397260274,879.2367037,877.3187201,845.2284576,774.5,800.7741232090266,1221.75
11357.8,11300.0,0.0602739726,414.8437249,399.4645619,407.4838424,319.6,341.6540225126415,344.35
11357.9,11000.0,0.02191780822,448.9846652,454.2377008,445.1563978,494.9,456.92899342230004,215.3
9703.1,9700.0,0.06301369863,158.4734766,162.7982291,131.9089703,361.2,409.0013167897298,376.8
11655.3,11900.0,0.03835616438,216.8295199,219.1382523,214.6742743,134.0,118.3044466444216,145.2
16667.0,16100.0,0.08219178082,1033.774813,1054.789533,1023.160072,758.05,810.9407489385605,740.9
14910.9,15100.0,0.04109589041,251.8294228,251.2394805,241.7546765,152.9,136.70037574224716,209.15
16156.85,15500.0,0.01917808219,875.6418424,868.5012525,890.2812521,716.85,731.1283619728774,656.95
11526.25,11000.0,0.02739726027,604.7708443,610.1804253,599.5648474,568.9,556.5058114075562,858.1
15084.0,15200.0,0.005479452055,97.88946761,102.1104997,97.57001394,84.5,51.74818845663742,75.5
16151.75,16200.0,0.04109589041,464.4766086,462.6067895,461.4001068,254.85,259.9523893156062,275.5
15717.65,15300.0,0.002739726027,444.6826075,444.8950756,445.9862458,417.35,347.2787643592508,429.8
18462.95,18100.0,0.03835616438,764.9306448,786.0487105,765.1622464,596.75,576.675046721236,510.0
18037.05,18000.0,0.005479452055,148.5687485,147.4677774,146.4756681,145.35,89.83525226764107,67.8
11181.05,11400.0,0.08219178082,332.5684408,337.4853595,323.9167184,244.25,264.69168382203475,186.05
10773.2,10800.0,0.008219178082,106.0533811,107.994461,104.8387672,169.55,118.04500585993975,456.25
15175.9,14600.0,0.008219178082,584.706668,585.6967991,576.0234139,510.15,482.08301251805017,454.25
10665.25,10400.0,0.04657534247,384.7776993,392.9734524,364.7005304,493.45,487.40435654262836,304.9
10880.65,11000.0,0.02191780822,159.5126036,158.1078975,156.5608349,167.45,136.79311629647958,161.9
15740.3,15100.0,0.002739726027,643.3750223,648.2671345,641.706622,645.35,591.5217982747256,262.0
18281.95,17900.0,0.08219178082,1172.051091,1189.611338,1195.037112,666.2,713.3791392930789,525.1
8845.75,8700.0,0.0602739726,197.8683275,206.6123512,157.7801484,504.5,592.0019181529417,1123.35
16667.0,16200.0,0.005479452055,503.3761731,503.7986107,502.7866951,494.95,444.6761108718123,439.3
10158.55,9900.0,0.03835616438,318.1926905,323.4887037,293.7286157,505.1,514.796794236429,500.6
15287.25,15300.0,0.06575342466,744.843099,745.9611274,760.9293845,417.5,368.7329203896516,353.2
16156.75,16300.0,0.04383561644,367.7945515,363.7271723,359.5032629,219.2,222.85163177251627,212.6
15111.2,14700.0,0.02465753425,440.5653868,445.5587297,415.7918612,576.3,595.2608638359061,427.1
15838.6,16200.0,0.02191780822,194.6776425,192.6957781,193.3888045,69.2,57.79427558205077,148.65
15067.4,15300.0,0.01917808219,287.5272954,286.3193332,291.8196105,144.95,108.24896212624719,82.5
12518.35,12400.0,0.07945205479,443.2324115,454.3710235,412.5788554,526.15,513.2153335217777,590.7
15662.2,15900.0,0.01917808219,268.8321213,271.1555132,271.3282619,69.1,55.043152900629025,102.4
15282.15,15300.0,0.05753424658,691.6227453,698.6228477,705.7488094,371.7,338.99877617683035,516.15
10665.25,10500.0,0.04657534247,358.5758876,364.576163,345.090164,427.2,421.8061065767811,261.3
11971.05,11800.0,0.02739726027,373.8264827,380.9501371,371.8645295,300.85,274.23097467961185,197.9
15237.85,15000.0,0.002739726027,244.816392,244.3907232,242.7480709,260.85,195.7921034250266,54.0
12402.1,11900.0,0.06575342466,754.8972181,757.1814117,748.5696524,719.9,702.1089406463233,719.9
15293.25,15300.0,0.06301369863,731.9622489,728.780449,746.7271468,346.1,314.04791561790006,203.85
12408.15,11900.0,0.008219178082,530.2625246,529.4532676,527.9485605,553.85,519.0718354639209,585.0
14997.5,14300.0,0.06301369863,768.8158969,782.9867832,708.5198316,1050.05,1098.326291748553,1050.05
9757.25,9900.0,0.0602739726,106.1879561,110.9913142,88.75198972,275.55,335.1038268503863,280.7
15173.35,14900.0,0.07945205479,435.7129932,456.0145206,377.495616,620.35,549.799396702153,513.0
12949.4,12900.0,0.03835616438,309.5768776,315.0851054,298.2358993,262.4,227.26304084465454,199.4
12054.5,11800.0,0.04383561644,505.3749487,510.228316,498.7251733,400.3,394.6983984268494,226.75
15439.75,15600.0,0.02739726027,461.2500765,465.6260231,474.0869597,115.9,134.94440183660174,139.35
17640.4,17400.0,0.02739726027,397.48772,405.5140007,380.5160141,388.15,446.2563522248021,400.2
15282.15,14700.0,0.05753424658,647.9333923,659.6565617,591.2777475,753.15,743.8547138728475,930.35
12054.5,11900.0,0.04383561644,444.8807504,451.0976017,437.6290508,336.2,327.13856525133326,186.25
11066.55,10900.0,0.002739726027,183.8945561,183.8037245,183.3180673,220.0,178.04973609919364,220.0
15451.65,15000.0,0.07671232877,662.9916732,674.1452612,616.0799221,779.2,730.0235655437164,881.15
11777.5,11600.0,0.04109589041,455.5837612,457.3625726,450.4749627,351.6,348.8526931210689,526.35
16667.0,16500.0,0.08219178082,680.6523053,682.4860225,656.0598742,501.7,472.92776900297616,460.0
11086.95,11000.0,0.008219178082,179.4604185,181.5579445,178.4606437,187.35,148.94614191459863,262.25
8760.85,8900.0,0.07945205479,111.724063,116.3030278,90.53092801,339.75,352.56255573805817,409.35
10809.1,11000.0,0.02465753425,143.2104532,138.4071523,140.4896906,153.8,127.6883757902645,167.45
15257.5,14800.0,0.06301369863,541.859768,555.1796313,484.8018649,621.3,603.2362160066185,686.65
12114.85,12300.0,0.02465753425,134.3707535,138.881087,129.3367299,149.7,119.0409341588142,175.0
17640.4,17700.0,0.02739726027,136.5057745,137.2143903,122.6162047,194.0,213.95066871961984,193.7
15237.85,15500.0,0.002739726027,69.73659711,70.3592078,70.34674643,9.1,-2.080779701210872,0.1
17975.95,18300.0,0.002739726027,49.94184773,50.82119663,49.84446605,8.3,-2.395737531200325,0.1
10909.35,10500.0,0.005479452055,415.7061989,414.9812973,413.3688926,429.05,427.8844886821263,429.6
16667.0,16700.0,0.005479452055,116.072205,112.6271075,114.7763588,92.0,51.43380921722451,55.45
11122.25,11100.0,0.04109589041,305.525023,306.2776364,299.7045878,219.7,227.14486430000846,316.05
11235.75,11400.0,0.07671232877,342.5928672,354.2641972,334.7342507,229.0,262.9874953993911,419.85
11425.55,11700.0,0.06575342466,281.9936059,294.1583684,274.1427213,133.55,169.16990047904687,164.05
18281.95,17900.0,0.008219178082,525.8983498,535.7421038,529.1263409,425.9,346.9904943451851,205.0
11498.9,11500.0,0.06301369863,439.6684256,442.9979389,434.1866157,391.35,393.59491350366926,276.65
12289.35,12100.0,0.0602739726,467.5864,465.1997558,453.803733,403.0,389.92669754316915,469.6
17830.55,18300.0,0.02191780822,269.6918919,269.1626771,271.8290867,86.8,66.34477982840008,96.0
16556.6,16400.0,0.008219178082,275.6208231,274.3702175,273.5459078,236.15,185.10536428817056,302.9
11156.75,11200.0,0.0602739726,348.7155592,353.85614,341.4294741,438.05,420.75675768889823,716.1
11635.5,11300.0,0.03835616438,509.3246105,506.9986071,503.4327938,514.35,484.816466807912,323.35
12583.6,12500.0,0.04383561644,428.1127434,426.9738277,426.356493,266.3,253.21756751023435,621.05
16033.55,16400.0,0.05753424658,334.7683558,340.7537188,325.49175,167.4,150.82076217737324,141.55
18290.65,18700.0,0.04109589041,513.0754081,518.8395844,523.6132324,141.4,114.97551979270759,216.05
10809.1,10600.0,0.02465753425,298.7780993,305.6064142,289.0830641,378.8,352.87588424222827,412.95
11981.05,11600.0,0.02191780822,497.5403922,497.3858493,495.6499363,424.15,410.0004589868086,663.95
15180.25,14800.0,0.06301369863,473.0482614,484.469619,418.8153292,594.0,579.4748708239985,720.0
15220.4,15400.0,0.02191780822,370.2192681,368.5592574,377.8945246,183.95,148.5934834288222,108.15
12937.4,12400.0,0.04109589041,634.1667821,648.1761152,612.9813227,666.4,635.842707382483,603.0
18462.95,18900.0,0.03835616438,450.7811676,464.604359,458.1317407,132.95,105.83602427451751,98.4
18290.65,17700.0,0.04109589041,659.9125923,667.4422358,616.7245738,756.15,739.5889126844879,871.0
16760.05,16500.0,0.07671232877,715.6366429,723.3966224,689.1131456,511.9,495.3211490905949,759.45
10902.45,10400.0,0.01917808219,525.4094673,529.3167986,514.2047774,568.9,548.4201449767731,543.95
11098.8,11400.0,0.0602739726,236.9560663,238.282192,228.8556754,90.4,139.3510118913416,165.15
12987.1,12800.0,0.005479452055,244.1936544,245.3082315,242.7341421,205.5,166.90297464695652,300.2
11372.95,11000.0,0.02739726027,483.2473497,489.7415123,478.1037286,517.3,482.4656829718785,383.75
12165.4,11600.0,0.04657534247,746.4748591,759.8369579,739.3460869,625.05,617.299930940642,560.85
15344.0,14800.0,0.0602739726,617.9905608,630.3380762,560.5151365,720.0,703.7413860752549,1060.0
12576.2,12700.0,0.008219178082,113.9665746,112.7986905,114.1283222,69.25,42.761922075167035,35.55
12092.35,12400.0,0.01643835616,47.43893504,48.75118664,44.97297088,37.45,23.66319775627551,22.8
14986.85,15400.0,0.05753424658,551.0698475,555.5301885,569.2859187,147.7,146.4174887262363,75.5
18022.5,18100.0,0.07397260274,739.8609671,754.565698,739.1221261,403.2,400.75415445170296,750.75
15717.65,16200.0,0.002739726027,6.694858993,6.623302403,6.582253483,0.95,1.0694389518032494,0.05
12017.25,12000.0,0.01917808219,231.5126187,230.1049511,227.8979202,186.85,151.06271373941593,196.1
18510.05,18300.0,0.04383561644,799.4888267,792.7831247,810.2908641,459.85,428.23272218989905,323.85
12631.5,12500.0,0.06301369863,536.2663622,547.5838827,533.2577112,332.15,342.57402981966305,341.4
11086.95,10700.0,0.008219178082,397.6950262,402.6438981,393.7383056,443.25,422.1945061646462,530.0
18782.85,19100.0,0.05479452055,571.7663062,579.0403621,572.8930463,186.65,176.27401532395515,173.2
18022.5,17600.0,0.07397260274,719.3113149,731.4287433,673.8173182,680.0,654.857071561517,1105.0
16012.8,15500.0,0.06575342466,1169.464741,1171.010343,1213.113801,713.0,695.1453602648049,774.0
13008.25,12600.0,0.02191780822,503.0940841,500.2424702,498.3253177,420.2,391.8601552239364,172.35
10651.95,10300.0,0.06575342466,498.6464983,509.843945,469.3355146,430.0,505.83858068429936,690.15
12563.85,12700.0,0.05753424658,398.2864976,396.7633496,395.0503907,291.3,255.89899231908862,255.35
18462.95,18000.0,0.03835616438,651.3160645,659.702862,628.9862901,676.85,663.1387691820629,588.5
10906.75,10800.0,0.07671232877,445.2949686,455.8647672,430.4237747,499.85,510.0523317081945,664.9
15242.35,14700.0,0.06575342466,621.245138,632.1374809,557.3205232,760.0,732.4566296488345,760.0
15452.4,15800.0,0.07945205479,632.281613,661.3101055,642.4744191,251.0,224.89218519180127,167.4
13008.25,13300.0,0.02191780822,83.28474158,81.99250507,79.88676841,57.45,43.65333457483041,11.4
11575.6,11700.0,0.06575342466,350.7704391,347.2648818,341.3964719,154.1,215.39882442792305,254.2
11226.15,10700.0,0.02465753425,562.0470588,578.4822918,550.6423388,1060.0,1054.4670256302857,333.05
15173.35,14500.0,0.002739726027,676.2660226,677.0058401,673.5710064,659.05,609.6439377703123,538.5
15309.5,15200.0,0.005479452055,212.2821951,212.8453336,211.6515981,183.05,128.31854470733663,100.25
12950.0,13100.0,0.08219178082,397.5189173,401.9387365,384.7567706,231.8,221.5105429832846,183.5
10706.9,10700.0,0.01917808219,150.7560578,150.0482772,145.5106561,178.4,148.61867644877043,150.3
13239.45,12800.0,0.03835616438,622.2257618,624.1698388,617.2055545,488.75,467.0910750279285,538.8
17587.05,17800.0,0.04109589041,123.2909668,126.1781196,107.4013792,188.4,222.08266975976284,117.55
16634.05,16400.0,0.002739726027,263.2600428,264.1117572,262.4098701,252.0,177.68691797134022,330.6
11981.05,11800.0,0.02191780822,351.066341,353.3501832,349.2857986,262.55,241.64950711799702,465.45
11814.85,11300.0,0.04109589041,651.0760958,657.2802872,645.2039162,616.1,597.8816067374295,525.0
12596.3,12300.0,0.05753424658,520.0774716,520.9297608,503.8628209,409.0,399.9745448959822,552.35
14910.9,15300.0,0.04109589041,403.6992491,404.5184043,413.0573944,84.9,84.34581481721614,120.35
11187.7,10800.0,0.01917808219,448.6475617,455.7028384,443.6305658,447.15,431.51441658945146,279.85
10899.3,11200.0,0.07945205479,286.4913459,292.8694966,278.0924298,285.15,270.295774985603,286.3
11126.25,11000.0,0.05753424658,429.0775506,431.9128175,421.5661366,334.25,372.7131904444627,302.2
12853.2,12400.0,0.07945205479,661.4723224,660.7478333,631.7780081,560.0,547.7132862280444,521.0
17865.75,18200.0,0.01917808219,385.2284279,393.7265853,395.7803868,129.75,78.65191618583947,285.25
12065.9,12000.0,0.04657534247,388.0741717,387.915622,382.2543633,355.8,321.3945516275228,246.0
11357.9,11600.0,0.02191780822,146.5122001,148.721391,145.1950088,142.5,107.08896908723074,20.25
17645.05,17300.0,0.01917808219,485.1867675,489.0606307,477.1423392,435.45,441.8760617671161,801.75
15367.6,14800.0,0.06575342466,648.4751649,659.4602887,584.8766429,888.6,859.6870807118382,657.05
11970.25,11800.0,0.05753424658,507.0864107,510.56593,497.8779914,315.65,361.9487295182324,486.85
11306.5,11600.0,0.03835616438,205.3664274,208.2262702,204.1679155,73.3,90.00210438752322,85.0
16156.85,16400.0,0.01917808219,176.0452853,180.63323,173.0838376,68.7,60.02995490960882,40.25
10880.65,10500.0,0.02191780822,438.0448439,438.0768939,429.5070069,485.4,461.1537246419516,476.6
11971.05,11600.0,0.02739726027,517.340065,515.890261,516.5215118,420.0,413.41800425322253,328.0
12853.2,12600.0,0.07945205479,611.8186227,607.7589561,596.8335692,410.35,411.52861421473153,399.15
10279.6,10300.0,0.02465753425,147.4378032,153.1838088,139.7852414,310.1,302.21079682239963,410.35
15740.3,15300.0,0.002739726027,464.6052462,464.7633454,465.6822251,450.0,382.4610088178832,3.55
15008.65,15200.0,0.0602739726,423.0227775,430.8927324,414.964341,246.65,204.76222305871852,221.4
14489.75,14600.0,0.04657534247,88.32122897,91.241902,70.31518772,274.25,306.036161505623,489.0
11249.35,11100.0,0.07945205479,506.5004796,515.8418566,489.4811349,470.75,506.1566349632513,594.35
15242.35,15700.0,0.06575342466,517.3665421,521.7645766,528.3969283,198.35,161.44740597826615,168.55
18647.55,18100.0,0.08219178082,1153.03909,1175.343664,1152.506345,843.7,900.4294315316486,940.0
18281.95,18800.0,0.008219178082,78.20927149,78.84138874,77.82653257,6.75,1.0829120553812572,2.5
8845.75,8900.0,0.0602739726,125.3046372,126.9286643,106.0211844,390.1,491.82878038609897,972.25
14891.9,14200.0,0.04383561644,739.5085371,744.2811031,697.1402033,727.05,727.2609906663272,1098.8
11083.4,10600.0,0.008219178082,491.3805129,493.70806,487.0772108,526.05,514.0099890027708,346.2
15741.2,15400.0,0.05753424658,949.8121809,966.8491885,975.4035001,507.4,471.8327632601807,318.05
11526.25,11800.0,0.02739726027,154.6967718,155.6448143,152.8708961,66.35,58.50178024396803,193.8
17975.95,18400.0,0.002739726027,23.63612743,24.28805828,23.70292348,4.3,-0.06289938724034982,0.1
12518.35,12500.0,0.002739726027,101.9627041,102.0286924,101.7929648,86.7,56.856906973638274,99.65
10971.6,11200.0,0.02191780822,118.8315194,122.2891773,117.0003248,110.65,86.00351090904132,174.55
10175.9,10100.0,0.005479452055,107.5793285,107.9368633,104.983867,207.3,149.18239125508808,93.55
11148.65,10900.0,0.01917808219,347.3524808,348.6225778,341.016298,446.85,405.64652633421116,118.6
10880.65,10700.0,0.02191780822,270.2948201,274.1969948,261.8765743,342.5,313.1516165256807,337.9
15452.4,14800.0,0.002739726027,655.3425353,654.5082598,652.4823365,645.75,594.4649944494654,471.75
13181.5,13400.0,0.02739726027,85.35136827,86.24522202,79.78358445,101.85,90.96157289749556,59.55
15293.25,15200.0,0.06301369863,583.9285323,603.7222067,574.1546463,401.4,366.2554497373932,246.65
17975.95,17800.0,0.002739726027,183.8871703,182.9050343,181.0243468,204.8,133.40903374979962,211.7
12631.5,12800.0,0.06301369863,363.1650881,367.4668159,357.7465825,188.0,178.94649605869995,195.9
10211.7,9800.0,0.008219178082,419.1487104,419.6938283,413.2468545,501.7,490.8688557499827,441.6
15669.0,16100.0,0.008219178082,56.02451793,54.8126404,55.83799799,10.55,4.424389178828164,4.7
15180.25,15500.0,0.06301369863,685.7345167,682.8922649,716.3979164,180.4,190.95622290681717,249.0
12402.1,12100.0,0.06575342466,557.5297554,563.8930187,541.8504149,450.0,451.82531380965685,410.0
8760.85,8700.0,0.002739726027,63.17486153,63.36584106,61.16565249,128.35,81.83597891505019,193.15
18782.85,18500.0,0.05479452055,980.8113507,978.747886,1001.417145,512.25,497.2986197092773,494.6
10336.55,10500.0,0.03835616438,157.7991427,157.8346962,151.1859853,191.1,198.39413613284506,427.0
11820.95,11800.0,0.02465753425,271.9030786,274.8436703,270.2033666,197.9,170.60080897364207,211.2
15902.85,15800.0,0.005479452055,260.7114018,260.031245,261.2996749,159.3,99.58112344161543,35.25
10369.1,10500.0,0.04109589041,181.6641984,185.3503726,171.9225358,350.55,367.63936923787435,226.95
9218.95,9200.0,0.02465753425,170.6590373,171.6002836,164.1881594,213.3,240.52446646931708,256.2
15740.3,15800.0,0.002739726027,115.2531667,115.5388353,115.6563315,35.25,9.011652484075057,0.4
18747.35,18800.0,0.005479452055,189.4881501,193.743705,190.0869493,83.05,30.066914447566546,19.5
18326.6,17600.0,0.01643835616,760.9171411,763.5842332,747.2276707,798.8,736.162859058596,904.5
9268.9,9100.0,0.01917808219,240.9417825,240.8017449,234.0190687,349.25,360.3406492191262,411.35
12275.1,12300.0,0.06301369863,343.2146904,348.9987046,329.9008139,293.95,269.0045056304335,296.1
15662.2,15800.0,0.01917808219,318.745229,318.1089014,321.9726377,99.35,81.6279262245888,146.3
11665.1,11700.0,0.05753424658,365.6215377,366.1972538,358.6299738,399.4,372.9278967608059,446.7
11178.3,11000.0,0.008219178082,240.6699482,245.3499412,239.5573871,219.9,195.94000827949935,226.05
10015.75,9700.0,0.07945205479,401.3306249,412.1833505,358.9091571,600.0,571.8253317104914,679.95
15717.65,15200.0,0.002739726027,523.1300414,520.7308134,522.2807836,513.45,453.3989698860355,533.4
11122.25,10900.0,0.04109589041,414.5181898,421.634656,407.2457961,340.75,357.44968797612256,453.15
15008.65,15000.0,0.0602739726,325.7892982,334.290743,299.2764595,345.05,322.9257653528128,314.95
12950.0,12500.0,0.08219178082,807.4903038,809.8265914,801.5596052,575.35,546.7669177727887,506.8
15056.7,14400.0,0.04383561644,704.1385149,713.2915053,660.2269605,630.4,630.6338564668749,630.4
15452.4,15300.0,0.07945205479,915.4937667,912.1377135,939.1980037,488.1,450.75553383684485,370.05
14236.55,14300.0,0.03835616438,117.40496,123.4741081,100.6152346,620.65,671.2908932932785,788.55
15844.1,15700.0,0.02465753425,524.3746556,531.1512529,530.3663442,300.45,296.469578071315,288.35
10880.65,10800.0,0.02191780822,243.5352943,243.953026,238.5335886,278.5,247.39290769129855,264.15
10971.6,11300.0,0.02191780822,92.77427115,93.63884149,91.09188022,83.05,63.063599462274055,133.2
15084.0,14500.0,0.005479452055,589.8326854,590.7218366,584.4816858,579.25,534.0763030570564,659.05
12938.2,13000.0,0.0602739726,553.4876305,551.2526014,562.8302963,677.15,646.3044579182983,760.7
15242.35,14600.0,0.06575342466,714.8245454,730.5082807,647.7224508,1010.0,1018.0614298955247,1010.0
11187.85,11500.0,0.02465753425,135.4983119,136.0043971,134.9825341,90.8,71.07919653797398,37.45
15567.4,15000.0,0.04657534247,675.6769285,685.8617397,644.0025526,710.8,711.9024354035357,617.2
10797.55,10500.0,0.02739726027,389.8225292,390.0991938,379.9235475,440.7,418.6827418954761,440.45
10015.75,9900.0,0.07945205479,271.0714821,278.9433363,240.0894817,465.15,430.7786489272126,530.0
12910.55,13300.0,0.08219178082,230.8260564,229.9849408,211.9235688,477.65,440.12943424775915,448.6
18555.85,18700.0,0.0602739726,791.7872428,797.54274,810.8939232,322.9,301.76050790911876,331.8
11187.7,10700.0,0.01917808219,515.4547057,517.257987,506.4214474,545.0,522.0857573655077,325.0
14821.7,15100.0,0.05753424658,277.8297389,277.6129857,265.0817793,246.5,208.2315907924583,117.55
11714.9,11200.0,0.06575342466,721.8258323,722.554429,708.7419778,643.5,648.7976040090357,560.0
15220.4,14800.0,0.02191780822,446.3583456,450.0739059,424.8351435,598.9,612.785145158574,404.7
15344.0,15200.0,0.0602739726,600.2666497,608.3010849,591.1527951,425.55,393.2041267265679,675.35
12949.4,12400.0,0.03835616438,636.8257174,647.5271447,616.7743226,603.0,574.4886884530234,575.0
12583.6,12700.0,0.04383561644,344.329307,346.7709594,344.2897035,176.8,160.88198044743797,474.4
9145.0,9000.0,0.02739726027,233.3701442,237.1435395,222.4895578,283.4,332.03499271050043,350.5
11181.05,11300.0,0.005479452055,59.79929066,59.54664976,59.5183897,51.65,23.1630424669504,9.75
16556.6,16700.0,0.008219178082,99.44078751,101.781086,97.60467606,73.85,46.11739363039703,92.0
12596.3,12800.0,0.05753424658,326.3866206,327.9560876,320.5653531,166.5,151.8008937994531,235.2
12141.45,12000.0,0.03835616438,400.3331416,410.0074497,391.556948,341.75,311.96721355961216,298.15
11526.25,11100.0,0.02739726027,520.5137823,521.7260496,514.8447785,479.65,467.96416520112797,769.85
11098.8,11100.0,0.0602739726,362.2876275,366.2657776,349.3491775,213.95,276.2408257045048,338.2
18462.95,17900.0,0.03835616438,977.6936621,991.9144953,990.0176317,697.3,710.1746838903316,523.0
11508.05,11400.0,0.02465753425,296.7103666,300.684444,291.3596787,234.95,215.0301302976959,100.85
12752.3,12700.0,0.05479452055,481.7701106,494.7533973,480.8965983,288.2,284.2741828960804,294.45
11181.05,11300.0,0.08219178082,388.133764,399.2892981,381.5128761,290.9,329.26357900380367,219.3
15541.6,15000.0,0.03835616438,631.8991168,634.271883,605.5741461,655.95,660.6606151105827,1007.3
11241.65,11100.0,0.08219178082,509.6634315,525.3188957,492.3477518,509.65,535.865989825875,470.75
10336.55,10100.0,0.03835616438,324.6244752,329.3345872,306.3100825,420.8,423.5154229716734,750.95
12186.55,12100.0,0.02191780822,259.7266352,261.6973471,253.1095447,279.3,237.39796392764583,136.65
16206.7,15600.0,0.04657534247,1077.129348,1081.058118,1106.828389,721.55,712.4729588036203,655.35
12563.85,12500.0,0.05753424658,478.9768426,480.1527695,472.8154912,394.65,365.3902523986715,364.7
14489.75,13800.0,0.04657534247,748.7000007,755.9150732,710.0590494,567.3,559.8857885211762,567.3
12631.5,12900.0,0.06301369863,237.7262166,246.4973459,227.2231789,149.75,128.4185809669687,155.35
12853.2,12700.0,0.07945205479,637.9003908,649.3243166,636.8531451,346.0,363.10292631659524,335.45
18290.65,18300.0,0.04109589041,655.0681596,671.094026,661.8099146,323.85,293.1174884133661,451.35
12961.55,13100.0,0.008219178082,82.18272193,83.12165026,80.87251555,39.5,22.431741998124608,25.45
11876.2,11800.0,0.0602739726,462.037385,461.6350268,454.0792574,250.75,311.3322991617455,315.65
9264.4,9200.0,0.02191780822,187.0001803,186.215363,180.4009203,256.2,271.61103576302276,281.7
11249.35,11200.0,0.002739726027,103.0290002,104.3649005,102.6069997,104.5,67.13837849436584,242.95
15717.65,15700.0,0.002739726027,154.471689,157.2669723,155.1730773,59.8,23.59828695821807,34.65
18037.05,17400.0,0.07945205479,873.7992344,893.5547414,817.9665662,1099.0,1041.3988539570519,1099.0
12853.2,13000.0,0.07945205479,598.0373234,614.6441559,613.4207976,219.65,271.1244850009474,205.05
11375.4,11300.0,0.01917808219,251.1597378,254.4981119,249.3659987,189.1,168.97259086837482,153.05
15333.4,15100.0,0.0602739726,558.4050452,564.351719,536.7180812,486.45,460.44022050529725,481.7
17645.05,17500.0,0.01917808219,353.1224894,352.3217897,345.7211497,266.1,260.77101062304894,601.3
12402.1,12300.0,0.06575342466,422.2621442,421.1392932,407.3161222,358.55,341.54704056927443,293.95
15180.25,14700.0,0.06301369863,558.5300027,565.3587394,499.7310344,630.0,611.4052011565879,630.0
10971.6,11000.0,0.02191780822,201.2285487,199.5648094,198.8617211,190.65,161.50916695879653,295.5
18281.95,18300.0,0.08219178082,938.0477373,945.1344362,952.4947992,465.55,487.3294089670387,340.0
15030.3,14500.0,0.07671232877,649.3349341,656.8150128,585.6798427,757.95,715.353812311638,564.1
18782.85,18200.0,0.05479452055,1273.174812,1296.148298,1318.722683,741.75,709.6808413008162,735.85
12563.15,12200.0,0.02191780822,460.7271949,465.2851119,453.9878362,411.7,379.4120714145833,636.45
15450.55,15400.0,0.04109589041,660.5882,680.4069428,677.3741344,356.85,354.43785543708304,387.25
16156.75,15900.0,0.04383561644,729.2889851,720.3133057,735.2265642,454.95,455.27897826728133,438.5
12020.75,12200.0,0.03835616438,215.1096021,215.8036567,208.6345533,137.6,118.71058278379405,71.9
15367.6,15500.0,0.06575342466,797.7315672,803.7599834,833.0200946,469.1,410.8419654112898,279.4
11357.8,11200.0,0.0602739726,462.3039952,460.101293,452.4519404,395.7,416.5173419210158,409.0
11614.25,11200.0,0.06301369863,640.4853727,645.2556571,628.8098986,560.0,580.2092866454063,395.7
11211.3,10700.0,0.06301369863,628.7628051,635.3782836,602.8457258,787.3,780.9219687162456,720.0
10899.3,11000.0,0.002739726027,33.98892196,33.59474097,33.83508653,43.45,13.528405745209966,0.4
11970.25,12100.0,0.05753424658,286.2296255,292.5887281,273.6231292,152.5,160.21249461789785,269.15
18281.95,18400.0,0.008219178082,207.7241604,202.9194478,207.7756585,70.8,26.91777085960382,17.05
15265.45,15000.0,0.04109589041,425.7054254,439.4294502,402.3795023,449.45,469.4185219851986,430.35
15481.7,15800.0,0.02191780822,267.7633279,274.2567016,271.2423133,60.35,50.84663657466842,99.35
15451.65,15700.0,0.07671232877,674.3596384,670.4434304,688.9186348,387.95,328.84440740515646,457.9
15662.2,15600.0,0.01917808219,484.3925198,494.213141,494.4976116,192.15,192.06970320310438,273.9
11181.05,11500.0,0.08219178082,348.1588181,355.5893003,347.1680168,210.4,256.4923783565199,157.65
11777.5,11700.0,0.04109589041,366.0017565,375.7988315,359.2059304,292.3,274.84475399885696,441.2
12275.1,11700.0,0.06301369863,776.1182715,789.1807676,765.1417694,675.0,661.0896125526053,725.0
17975.95,18000.0,0.07671232877,504.5057363,524.0277223,472.3769102,469.35,487.54350992942784,457.95
12805.9,12800.0,0.07671232877,500.855149,514.4926022,491.7942001,282.9,294.23403606648515,164.05
13066.5,12600.0,0.02465753425,561.0613504,566.3883532,555.1389832,465.75,444.3972957038433,420.2
12966.05,12800.0,0.06301369863,544.9262826,557.8633183,535.37833,777.0,779.3889906336112,774.15
11066.55,11400.0,0.07945205479,275.4540075,275.7803335,269.1669236,186.05,201.47545972531958,229.0
10929.15,10700.0,0.04383561644,369.0530385,376.0215561,354.5609635,379.35,378.19484232299044,440.0
11425.55,11100.0,0.06575342466,578.8271738,587.6095381,562.8693961,478.1,523.6535716838957,538.9
15293.25,15000.0,0.06301369863,511.6978127,527.431421,475.6760139,523.0,501.5782874734988,345.05
15740.3,16200.0,0.002739726027,8.0275469,8.028965606,7.987044694,2.75,1.6637658392927506,0.1
15741.2,15800.0,0.05753424658,651.1316275,658.7269154,660.8377578,254.4,257.5999834522615,138.85
15427.8,15200.0,0.04383561644,570.0108422,576.5544099,561.720462,481.45,472.57551000705746,460.95
15524.65,14800.0,0.02465753425,751.2153429,758.6898297,725.3824808,740.85,737.2785024283436,728.55
17645.05,18100.0,0.01917808219,193.2958202,192.4458589,193.8894417,24.95,20.757078994773906,137.4
10336.55,9900.0,0.03835616438,474.7158606,483.7105633,449.4169393,628.2,604.9283004864546,921.65
15624.1,14900.0,0.08219178082,828.1251885,851.5479158,750.225025,1090.0,1090.975604434574,898.55
12017.25,12300.0,0.01917808219,77.95254075,78.53362861,74.92271826,70.75,48.32939942327096,59.95
15333.4,15200.0,0.0602739726,594.0973053,603.0971194,585.1055921,433.4,399.92625903160945,425.85
16760.05,16800.0,0.07671232877,592.1925379,590.1461816,574.6945971,334.95,333.4003240737008,551.25
17587.05,16800.0,0.04109589041,967.3364512,981.4959232,953.5083793,905.45,958.5371227840415,759.15
14846.8,15200.0,0.04657534247,288.5898314,298.7616766,283.9297315,126.1,100.11214377339422,179.7
10288.95,10300.0,0.05753424658,241.9830292,242.6087581,225.0868202,409.15,424.74241640792286,561.55
11148.65,11300.0,0.01917808219,141.5115918,142.074807,138.9237201,216.05,174.42488056318678,28.2
11066.55,11000.0,0.002739726027,112.781831,112.2976106,112.4699227,95.75,63.91229064783852,228.45
10909.35,10900.0,0.08219178082,415.0183055,428.0648582,399.6461164,440.0,449.6311316420712,430.35
15321.35,14900.0,0.08219178082,558.1178757,562.8109681,490.8128819,774.0,683.3931727172055,890.0
12518.35,12600.0,0.07945205479,425.8233274,430.4873748,408.5301152,434.55,411.71297915962725,446.2
11122.25,10600.0,0.04109589041,591.0652482,607.7130982,573.5176724,620.0,605.5060686957327,620.0
10720.15,10500.0,0.002739726027,226.6207163,229.2242232,225.6112284,249.6,221.382301354378,118.5
8664.2,8600.0,0.06301369863,123.7531062,130.8176194,88.09866368,427.35,542.4069003298971,562.1
15084.0,14700.0,0.08219178082,501.0280605,519.9902353,429.1547884,740.0,649.303702702202,750.0
9145.0,9300.0,0.02739726027,78.45778589,80.86979723,73.15454623,153.8,188.0868769613154,168.8
12987.1,12900.0,0.005479452055,152.927527,155.2603459,151.084296,131.85,96.93820303031134,193.65
11378.5,11500.0,0.008219178082,98.20003774,99.40075548,98.22494601,54.5,32.23287608148314,19.15
15237.85,14800.0,0.002739726027,440.7587173,441.8474596,437.9814244,459.05,394.32086941836087,252.7
12880.65,12800.0,0.06575342466,505.359596,508.2320927,496.5341723,738.0,737.7032836882556,777.0
15677.5,15200.0,0.04657534247,748.4305236,754.2958333,738.8571962,600.55,597.035568931953,668.55
10583.05,10700.0,0.04383561644,170.8447012,177.9468368,161.0115338,250.2,256.3397448905753,211.15
11735.5,11500.0,0.02739726027,424.6562916,430.5786852,421.9651212,374.9,349.2703199265894,176.9
10141.45,9900.0,0.06301369863,340.6279118,354.7131128,307.3911059,570.45,577.5752337607594,702.9
11665.1,11500.0,0.05753424658,512.4145529,525.8989466,509.2467364,508.4,496.2653720315363,576.95
15385.95,15700.0,0.02739726027,322.2258106,329.5598703,327.1955538,93.7,82.41269297443648,81.25
16167.55,16300.0,0.02739726027,278.3845883,285.3522264,273.1451945,165.3,164.14201410119045,56.4
12017.25,11700.0,0.01917808219,419.4729618,420.0715704,413.8886098,391.75,359.62891278511205,435.4
11614.25,11900.0,0.06301369863,292.7812748,295.7359468,288.7332103,165.0,175.12679878101403,94.1
11614.25,11600.0,0.06301369863,448.9388409,443.8458195,444.6074825,295.6,335.11789608220164,185.45
11122.25,10800.0,0.04109589041,476.3470525,477.4017416,467.8481657,403.95,425.9939141018691,552.85
12937.4,13100.0,0.04109589041,250.8084887,251.2348289,242.1927841,196.7,161.5270671745219,186.85
15452.4,15700.0,0.07945205479,689.3505455,687.0689848,704.5018748,289.55,252.8182391866788,215.35
12579.9,12600.0,0.02465753425,240.5299569,239.3273884,235.6483865,169.55,136.37901632940418,146.4
18405.0,17600.0,0.03561643836,892.5221612,902.3708772,864.6608875,1151.0,1008.9587628069526,1151.0
11357.9,11300.0,0.02191780822,256.6024706,261.9607498,254.3664864,291.6,250.5715846451193,75.3
18372.65,17900.0,0.02465753425,791.9147788,795.7846466,799.3701129,623.4,599.6211851873627,237.0
14846.8,14800.0,0.04657534247,188.8723053,194.7151209,161.7588229,299.95,323.1875357590941,416.8
12961.55,12800.0,0.008219178082,251.9926919,252.3209599,250.8184824,174.25,143.10325809775338,150.15
12853.2,12400.0,0.002739726027,455.6181951,459.1156099,454.2038653,381.0,368.0223425721926,406.05
10899.3,10900.0,0.07945205479,402.0889394,404.1101961,387.053421,430.35,436.82766337655676,415.5
9264.4,9400.0,0.02191780822,61.31662874,62.08099379,56.97775743,155.25,164.0579012943266,182.55
11226.15,11500.0,0.02465753425,148.5076171,145.809647,147.5797154,99.45,78.18816904301593,42.4
15385.95,15800.0,0.02739726027,277.4058609,278.4846699,280.4161217,70.15,57.876453133046766,54.7
10967.15,10600.0,0.02191780822,414.6188074,416.937394,404.7820705,453.5,430.7059358978251,239.95
18747.35,19000.0,0.005479452055,172.4125901,175.4638583,174.5636947,32.35,-1.0589190621718672,6.25
15321.35,15700.0,0.08219178082,640.8349235,650.8308485,652.534102,347.45,291.13914492627674,408.95
14085.05,14400.0,0.04657534247,37.00367451,40.08642756,28.54653394,606.85,627.6037677016935,506.4
16194.55,16000.0,0.008219178082,351.8940892,353.356677,353.1260579,247.65,189.66490036488847,48.0
17587.05,17500.0,0.04109589041,452.6579755,456.5534165,439.1224884,346.4,396.2148375800981,244.45
10929.05,10700.0,0.06301369863,421.0833082,435.7245726,396.3611438,381.8,418.8610301421805,490.25
10175.9,10000.0,0.005479452055,186.0888316,186.6627597,182.4547936,285.35,240.2571304509038,154.6
11344.1,11100.0,0.0602739726,504.4882418,497.5683546,494.6606055,382.4,434.426802849443,276.25
12563.85,12400.0,0.05753424658,408.3969701,413.7340376,386.5360848,462.4,436.92671517301625,435.75
10651.95,10400.0,0.06575342466,418.5593036,422.2170075,390.205115,391.5,435.09047341321684,609.25
15439.75,15200.0,0.02739726027,483.0589823,489.9814199,478.508198,329.35,326.71524547303216,393.25
12087.05,11600.0,0.04657534247,684.2606225,689.5632269,682.5516554,635.0,614.5085204750496,385.1
9711.4,9400.0,0.04657534247,395.1036009,396.9046702,370.5790387,620.0,620.4326499236024,585.0
11187.7,11100.0,0.01917808219,246.2237369,242.7023119,242.8269373,231.05,200.27456030581618,114.6
11066.55,11400.0,0.002739726027,2.714113153,2.61921335,2.616188443,4.1,-7.251103026721012,0.1
11381.2,11100.0,0.05753424658,520.910119,531.1037352,510.3031009,472.2,489.84541121251596,574.95
16156.75,16000.0,0.04383561644,653.4734724,654.8703434,658.2853107,387.95,391.36929173331816,384.3
11526.25,11200.0,0.02739726027,450.9970832,458.8857383,446.3290162,394.55,384.9867784091417,676.35
11142.3,11400.0,0.02739726027,135.3953759,129.7300127,132.6920939,120.95,99.12577206388085,122.2
15267.6,15000.0,0.07671232877,531.5738064,541.8420055,490.4371694,546.85,495.87661367031143,479.8
9711.4,9800.0,0.04657534247,134.6527791,137.418245,120.5255799,235.65,285.4876921205519,361.15
16130.55,15600.0,0.06301369863,1146.104967,1143.323373,1184.567523,690.0,668.7442238264914,674.6
16634.05,15900.0,0.002739726027,739.7772378,736.7605825,740.4566145,740.25,685.1542180459755,837.3
10909.35,10500.0,0.08219178082,616.4939554,620.3866898,590.9446158,670.95,681.9486521572505,685.0
11357.9,10900.0,0.02191780822,520.1355541,524.8031696,514.7784572,600.0,556.337308379911,272.85
11714.9,11600.0,0.06575342466,515.6500677,532.6819868,512.3532345,356.1,404.95826182676956,295.6
10929.15,11000.0,0.04383561644,273.4261215,274.9108601,269.2698735,183.55,199.34549870902595,277.6
15180.25,15400.0,0.06301369863,676.9834614,666.8552397,701.4017165,221.5,213.3572694899346,299.9
15451.65,15600.0,0.07671232877,843.4797841,867.4534136,880.3822804,436.8,386.7789913064298,509.6
12092.35,11800.0,0.01643835616,396.7075588,393.1009466,393.3025051,347.2,318.03086433086094,314.75
16194.55,16100.0,0.008219178082,259.5593416,261.9883159,258.3632866,160.7,111.40254775160031,25.25
17262.4,17700.0,0.04657534247,58.90688537,60.73658716,48.86823338,141.05,167.87571427993385,168.85
10773.2,11100.0,0.008219178082,23.51731094,23.92475597,23.15501779,64.7,29.801955744333213,197.5
14489.75,14800.0,0.04657534247,41.73508814,44.21653488,32.77132142,190.1,217.6298576816739,368.35
16033.55,15900.0,0.05753424658,746.2520755,764.5807421,755.5611401,409.5,394.21214503917855,362.0
11278.35,11300.0,0.05753424658,364.8479888,373.1049306,354.7539329,213.4,264.6844713680166,707.2
15293.25,14600.0,0.06301369863,761.6522978,773.9765232,696.4985153,1010.0,1041.950575003301,1010.0
14085.05,14500.0,0.04657534247,44.01520597,45.11275951,36.1447733,562.65,594.8547642511654,459.8
12588.5,12700.0,0.06301369863,433.2201445,439.3143063,429.6113374,322.4,292.81821790276575,371.95
12020.75,11500.0,0.03835616438,678.8810634,677.3908154,673.5291625,627.75,605.7742355020976,421.75
12054.5,12200.0,0.04383561644,251.4172136,247.2701943,242.5282701,170.45,149.85649375363994,81.8
12715.3,12700.0,0.0602739726,488.05873,489.8482713,482.5102211,371.95,343.6082188439268,291.3
15287.25,14600.0,0.06575342466,758.0949611,772.7634891,691.2220692,844.95,853.0866880750795,784.95
17702.55,17700.0,0.02465753425,158.7832568,160.6399571,144.0941411,193.7,210.52122948889206,140.65
14085.05,13700.0,0.04657534247,530.1596544,535.4594201,505.0169644,1003.0,1010.7721532890761,890.05
15385.95,14700.0,0.02739726027,715.2972126,723.520835,686.6253901,743.15,736.931391655555,758.45
11187.85,11300.0,0.02465753425,185.3320393,189.2100011,182.0252054,162.25,134.96742682677268,80.25
9703.1,9800.0,0.06301369863,162.6505107,167.3908886,142.9198852,305.25,339.04277384264685,317.15
15677.5,15300.0,0.04657534247,847.8707509,840.5094945,863.2507932,517.8,505.38457147750887,584.25
17453.0,17800.0,0.03835616438,73.60409804,75.80319852,63.40884744,117.55,139.6063652627294,148.1
12958.5,12600.0,0.008219178082,393.2775795,391.6008037,390.2973347,412.65,366.128959901053,410.75
15464.85,15600.0,0.03835616438,574.369348,589.985389,593.0780936,281.15,274.2172698240166,130.5
17865.75,17500.0,0.01917808219,501.2601425,502.3150538,492.5771925,539.3,550.2016785208748,892.6
15741.2,15900.0,0.05753424658,589.978261,603.6095353,598.6814705,204.1,212.14556880537504,108.4
15008.65,14400.0,0.0602739726,677.2249331,691.965366,618.6418212,1120.0,1130.0794686778167,1120.0
17262.4,17500.0,0.04657534247,316.8408433,322.4394224,304.5998581,214.4,247.6491455909519,254.75
12958.5,12500.0,0.008219178082,490.8324999,493.8624159,489.3326234,499.0,457.9965933341699,496.25
15030.0,14800.0,0.02739726027,281.2169559,285.9782422,258.7104711,445.2,488.84421022465597,704.4
10368.4,10400.0,0.02739726027,145.6716367,148.4150375,137.0746215,300.75,297.74299348845983,261.45
18555.85,17900.0,0.0602739726,1204.401547,1202.911405,1224.35815,793.0,800.8857262829231,922.0
12518.35,12300.0,0.002739726027,229.5194742,226.4795785,228.1232702,247.75,205.28240209435398,288.1
17645.05,16900.0,0.01917808219,818.715762,833.4657902,810.7282924,800.6,789.7130373744269,1212.15
15524.65,15600.0,0.02465753425,474.5439849,468.8607186,486.4585549,139.35,150.57625223952095,123.45
11156.75,10900.0,0.0602739726,499.7897798,505.2568859,488.6328785,620.65,612.395831020074,945.0
16151.75,16000.0,0.04109589041,631.8190413,639.0927929,636.3747194,384.3,390.02228666205656,405.1
17975.95,18500.0,0.07671232877,718.3248461,731.5835406,738.0064085,233.9,257.78390358520073,227.8
17702.55,18100.0,0.02465753425,261.5197247,266.5976692,261.0469591,47.9,46.33959138352668,27.55
12958.5,12800.0,0.008219178082,250.5176945,245.8215582,248.6580896,225.75,181.99962307638037,205.5
11066.55,10700.0,0.07945205479,548.4194966,558.614771,522.6188524,1740.95,1815.5055262109972,1740.95
10899.3,10700.0,0.07945205479,435.9355017,443.8938067,409.7172514,591.5,588.4099353758033,549.15
15450.55,15100.0,0.04109589041,559.4876325,575.267783,542.8765987,524.25,527.6657676489473,588.05
10809.1,10800.0,0.02465753425,215.9830524,218.8749676,210.7613355,248.7,221.02302092284174,278.5
15030.3,14900.0,0.07671232877,328.0839358,332.9558132,279.6054987,513.0,456.9148239024788,357.4
16012.8,15700.0,0.06575342466,919.8574927,942.5694965,933.9458319,558.25,537.1863027496897,622.7
12715.3,12900.0,0.0602739726,268.3776776,275.3597898,253.5746923,272.15,234.51298248042633,207.85
11283.3,11000.0,0.04657534247,491.7721926,493.7332731,483.7820254,468.25,465.4258721635744,570.3
16110.0,15700.0,0.0602739726,947.1748952,959.8787188,961.2671135,601.75,588.9207622279757,540.15
15741.2,15100.0,0.05753424658,836.4016019,842.0226318,810.2718466,789.0,812.3684572105852,499.95
11238.35,10800.0,0.01917808219,491.8695881,501.6594252,485.4005415,1748.3,1735.2865398691051,1748.3
10809.1,10300.0,0.02465753425,542.8748176,545.6014081,529.5974122,599.5,574.1071242558318,650.3
15030.0,15100.0,0.02739726027,241.7411016,244.2923347,234.9736051,267.15,263.1701026354201,467.75
13239.45,13200.0,0.03835616438,289.7785237,300.7910252,279.2685881,229.25,198.50520204895048,259.35
12937.4,12800.0,0.04109589041,437.5922104,440.9662767,430.4067372,365.0,324.2464009722522,334.8
15030.3,15100.0,0.07671232877,444.1370926,456.7455384,421.6401385,432.65,374.3364058633909,285.1
12065.9,11500.0,0.04657534247,742.8697039,742.2257704,738.9979968,726.65,700.4152008664896,547.25
17830.55,17900.0,0.02191780822,443.9865239,441.6112955,449.7516604,237.0,196.04291831091655,256.4
10222.95,10200.0,0.07671232877,276.6972848,277.9849367,251.4606516,475.5,453.3691310562624,448.5
16634.05,16400.0,0.07945205479,739.4308257,747.0541671,718.2082741,527.2,505.1997741437155,570.0
15173.35,15600.0,0.07945205479,723.5048813,723.8954089,753.9130369,294.45,247.45007112532608,229.55
10906.75,11200.0,0.07671232877,282.1223816,297.5180385,274.025067,286.3,271.1741463058586,412.85
18555.85,18000.0,0.0602739726,810.4973431,814.1963178,775.5093518,783.15,775.2971420771548,811.45
18281.95,18200.0,0.008219178082,396.4457381,392.4201006,402.9597313,176.0,80.25486225701547,54.9
15392.25,15000.0,0.08219178082,632.3194612,646.4738685,585.0214721,598.0,542.4621293729115,528.75
18555.85,17800.0,0.0602739726,854.779848,868.3733127,791.3946689,960.0,942.7999364201906,980.0
11235.75,11500.0,0.07671232877,355.1053943,358.5661315,353.3519418,184.1,247.92951533446995,352.4
15282.15,15700.0,0.05753424658,487.0879763,490.8816573,497.0145655,203.2,167.7702817010686,298.2
15269.05,14900.0,0.03835616438,434.1300464,444.5832368,400.9985472,506.4,540.1141290125321,593.75
15717.65,16100.0,0.07945205479,486.5447498,499.3244379,479.9421982,187.8,169.17935064393652,178.55
11777.5,12100.0,0.04109589041,152.0673641,157.829797,145.9872269,107.2,99.22373551930514,186.15
15427.8,15300.0,0.04383561644,679.0195051,679.8271887,692.8124132,423.3,406.18553259722546,424.5
15111.2,14900.0,0.02465753425,271.8854877,273.0284227,252.7548509,445.05,485.26696142357594,307.7
15534.35,15800.0,0.01917808219,263.0627148,264.4511439,266.2679301,51.6,41.65614963027804,11.85
11442.45,11000.0,0.04383561644,595.7184705,593.2074556,586.7504339,570.3,562.4057781048232,493.2
12087.05,11800.0,0.04657534247,534.5517927,536.4498042,530.9188932,448.0,435.9542160459343,281.0
14489.75,14000.0,0.04657534247,619.7739144,626.5044398,594.2983958,650.45,631.8893643471433,957.05
8760.85,8900.0,0.002739726027,0.5972417098,0.6198414983,0.5407938733,49.1,19.13413589127788,9.15
11375.4,11100.0,0.01917808219,370.6568965,375.5067703,367.2253831,339.0,320.5447157319255,287.95
17865.75,17200.0,0.01917808219,778.2471384,782.5473569,773.5829785,790.0,757.6283461669179,1060.0
11083.4,11300.0,0.008219178082,52.12919656,52.95351097,51.70560739,60.7,28.75451579429034,14.65
18037.05,18100.0,0.07945205479,777.4889889,780.2241282,776.1958512,438.35,435.456730081243,410.35
15008.65,14300.0,0.0602739726,776.1710823,787.5290778,718.2111435,990.95,1034.907129839642,919.65
9145.0,8900.0,0.02739726027,278.7922211,285.7563241,261.9186058,395.0,437.53873944265524,384.35
15269.05,15500.0,0.03835616438,540.733129,546.5757637,559.6473658,153.55,179.35578299035637,196.0
12020.75,12000.0,0.03835616438,330.4136755,340.8310079,323.5466151,238.9,218.30636773445707,136.35
18281.95,18600.0,0.08219178082,742.48738,743.6124842,749.6763485,301.05,321.73748822388006,213.0
17390.2,16800.0,0.04383561644,830.5475289,828.0516499,817.2701895,731.25,763.248463080981,905.45
15287.25,14800.0,0.06575342466,573.0149839,583.9412882,512.4825731,712.85,681.4527065520969,621.3
12275.1,12500.0,0.06301369863,351.0151275,360.4590732,347.2613656,204.25,195.59371989769954,205.75
15463.0,15200.0,0.02191780822,461.553382,466.538087,457.4492771,357.55,345.49611174700067,393.7
16110.0,15500.0,0.0602739726,1194.171168,1218.280121,1236.962808,753.65,735.6456206308033,691.8
11981.05,12100.0,0.02191780822,153.3644908,152.0583092,149.8971899,97.55,73.51950640562643,217.5
11142.3,11200.0,0.02739726027,216.6084451,221.6402493,213.4356857,202.6,175.52832318013827,211.65
11066.55,11200.0,0.002739726027,25.8908474,26.1985825,25.86346487,22.35,2.479849034312224,31.3
13077.9,12700.0,0.04109589041,619.635564,610.852368,617.4729474,474.4,452.2923499612809,559.45
11614.25,11500.0,0.06301369863,503.3202312,520.469739,500.4679015,354.15,401.6867028838167,227.7
12709.95,12300.0,0.07671232877,653.8485953,654.2675606,631.1839004,563.75,553.1601872644466,303.7
15067.4,14700.0,0.01917808219,390.0010795,396.7830752,371.2069487,461.75,465.6242401171186,392.5
15392.25,15300.0,0.08219178082,895.7443013,889.9090463,919.3506963,401.0,367.6139721498802,339.65
11843.45,11900.0,0.04383561644,325.8452591,328.270859,322.5613351,298.95,262.4703219873727,260.65
8664.2,8800.0,0.06301369863,27.47464803,30.41649157,16.47742825,340.4,496.3634728052674,453.6
11125.65,11100.0,0.008219178082,141.3254306,141.5660844,140.0703869,128.65,93.41419869429126,102.45
15624.1,15500.0,0.005479452055,312.0376571,314.9305121,314.8622461,175.7,114.53461512543538,212.4
10369.1,10200.0,0.04109589041,293.3337458,298.7724162,273.6563826,505.7,517.9170136711579,343.6
14236.55,13900.0,0.03835616438,425.882125,442.3769367,399.7622911,846.6,850.7448417829324,1094.1
8845.75,8600.0,0.0602739726,291.3733566,299.5818076,246.0186148,562.1,605.1292290028014,1233.5
9268.9,9500.0,0.01917808219,28.92575343,30.36409601,26.64961447,143.65,142.18440777225555,156.7
11820.5,12000.0,0.04383561644,252.6047711,250.6654039,248.508973,194.3,168.2421558052834,184.9
15222.15,15300.0,0.02739726027,438.0487023,435.2905796,445.380815,281.85,250.71151962899364,230.0
14236.55,13600.0,0.03835616438,703.8107996,702.2726306,677.6973856,1055.8,1085.034934170579,1340.0
11284.35,11200.0,0.06575342466,436.1803645,440.5709586,427.5625971,511.5,504.9755711327515,481.25
